,image_id,cancer
1166,ISIC_0012460,0.0
1522,ISIC_0013553,0.0
1199,ISIC_0012655,0.0
134,ISIC_0000148,1.0
305,ISIC_0000365,0.0
822,ISIC_0010360,1.0
996,ISIC_0011220,0.0
30,ISIC_0000031,1.0
531,ISIC_0006350,0.0
954,ISIC_0011132,1.0
1870,ISIC_0014682,0.0
254,ISIC_0000301,1.0
809,ISIC_0010337,0.0
1606,ISIC_0013801,0.0
115,ISIC_0000128,0.0
1544,ISIC_0013606,1.0
84,ISIC_0000093,0.0
730,ISIC_0010081,1.0
744,ISIC_0010170,0.0
1351,ISIC_0013052,0.0
640,ISIC_0009940,0.0
1579,ISIC_0013719,0.0
430,ISIC_0000529,0.0
366,ISIC_0000456,0.0
597,ISIC_0009877,0.0
1502,ISIC_0013486,0.0
1450,ISIC_0013320,0.0
939,ISIC_0011107,0.0
1470,ISIC_0013378,0.0
1981,ISIC_0015112,0.0
592,ISIC_0009871,0.0
1001,ISIC_0011229,0.0
1070,ISIC_0012164,0.0
526,ISIC_0005787,0.0
850,ISIC_0010466,1.0
1691,ISIC_0014079,1.0
253,ISIC_0000300,1.0
1753,ISIC_0014316,1.0
1047,ISIC_0011393,0.0
846,ISIC_0010460,0.0
759,ISIC_0010193,0.0
1339,ISIC_0013026,0.0
868,ISIC_0010493,0.0
1814,ISIC_0014557,1.0
929,ISIC_0011085,0.0
1842,ISIC_0014609,0.0
1853,ISIC_0014636,0.0
1863,ISIC_0014657,0.0
1397,ISIC_0013174,0.0
1310,ISIC_0012944,0.0
1960,ISIC_0014923,0.0
568,ISIC_0008992,0.0
1558,ISIC_0013670,0.0
909,ISIC_0010844,0.0
750,ISIC_0010178,0.0
1301,ISIC_0012901,0.0
1850,ISIC_0014628,0.0
232,ISIC_0000268,0.0
169,ISIC_0000192,0.0
1228,ISIC_0012696,0.0
586,ISIC_0009599,0.0
1402,ISIC_0013187,0.0
145,ISIC_0000160,1.0
1516,ISIC_0013517,0.0
304,ISIC_0000364,0.0
1582,ISIC_0013731,0.0
1460,ISIC_0013346,0.0
347,ISIC_0000423,0.0
1978,ISIC_0015108,0.0
1467,ISIC_0013369,0.0
974,ISIC_0011168,0.0
58,ISIC_0000062,0.0
1547,ISIC_0013621,0.0
1988,ISIC_0015181,0.0
291,ISIC_0000349,0.0
869,ISIC_0010494,0.0
563,ISIC_0008626,0.0
1984,ISIC_0015158,0.0
544,ISIC_0007693,0.0
136,ISIC_0000150,1.0
949,ISIC_0011124,0.0
113,ISIC_0000126,0.0
468,ISIC_0001133,1.0
461,ISIC_0001103,1.0
713,ISIC_0010057,0.0
879,ISIC_0010566,0.0
674,ISIC_0009982,0.0
227,ISIC_0000261,0.0
874,ISIC_0010554,0.0
994,ISIC_0011218,0.0
153,ISIC_0000169,1.0
1254,ISIC_0012768,0.0
647,ISIC_0009949,0.0
995,ISIC_0011219,0.0
805,ISIC_0010332,0.0
518,ISIC_0004985,0.0
1723,ISIC_0014174,0.0
867,ISIC_0010492,0.0
1321,ISIC_0012976,0.0
1796,ISIC_0014502,0.0
1608,ISIC_0013803,0.0
1049,ISIC_0011398,0.0
1949,ISIC_0014897,1.0
1227,ISIC_0012693,0.0
1136,ISIC_0012348,1.0
1083,ISIC_0012208,1.0
1942,ISIC_0014851,0.0
849,ISIC_0010465,0.0
1575,ISIC_0013707,0.0
669,ISIC_0009975,0.0
957,ISIC_0011137,1.0
1159,ISIC_0012442,0.0
473,ISIC_0001152,1.0
903,ISIC_0010598,0.0
340,ISIC_0000413,1.0
1676,ISIC_0014029,0.0
77,ISIC_0000085,0.0
1109,ISIC_0012271,0.0
1747,ISIC_0014289,1.0
1425,ISIC_0013229,0.0
1715,ISIC_0014157,1.0
968,ISIC_0011162,0.0
303,ISIC_0000363,0.0
1638,ISIC_0013888,0.0
1894,ISIC_0014742,0.0
924,ISIC_0010863,1.0
1417,ISIC_0013213,0.0
976,ISIC_0011170,0.0
49,ISIC_0000051,0.0
1783,ISIC_0014440,0.0
688,ISIC_0010015,0.0
1928,ISIC_0014825,0.0
419,ISIC_0000517,1.0
839,ISIC_0010447,0.0
1212,ISIC_0012672,0.0
1252,ISIC_0012749,1.0
114,ISIC_0000127,0.0
768,ISIC_0010215,0.0
44,ISIC_0000046,1.0
574,ISIC_0009160,0.0
1232,ISIC_0012701,1.0
60,ISIC_0000064,0.0
496,ISIC_0002829,0.0
1157,ISIC_0012433,0.0
1966,ISIC_0014951,1.0
999,ISIC_0011225,0.0
535,ISIC_0006795,0.0
1831,ISIC_0014593,0.0
276,ISIC_0000329,0.0
1784,ISIC_0014441,0.0
1360,ISIC_0013075,0.0
1603,ISIC_0013798,0.0
452,ISIC_0000552,1.0
1442,ISIC_0013302,0.0
247,ISIC_0000293,1.0
1557,ISIC_0013667,0.0
1337,ISIC_0013024,0.0
465,ISIC_0001126,1.0
226,ISIC_0000260,0.0
691,ISIC_0010018,0.0
659,ISIC_0009964,0.0
1056,ISIC_0012103,0.0
911,ISIC_0010847,0.0
1555,ISIC_0013656,0.0
1071,ISIC_0012167,0.0
1740,ISIC_0014253,0.0
1873,ISIC_0014685,0.0
1180,ISIC_0012506,0.0
497,ISIC_0002836,0.0
1640,ISIC_0013896,0.0
260,ISIC_0000311,1.0
334,ISIC_0000403,0.0
1262,ISIC_0012789,0.0
1707,ISIC_0014132,1.0
948,ISIC_0011123,0.0
770,ISIC_0010219,0.0
1377,ISIC_0013120,0.0
93,ISIC_0000102,0.0
662,ISIC_0009967,0.0
712,ISIC_0010055,0.0
1694,ISIC_0014082,1.0
1909,ISIC_0014785,0.0
1594,ISIC_0013777,1.0
267,ISIC_0000320,0.0
432,ISIC_0000531,1.0
832,ISIC_0010379,1.0
1250,ISIC_0012742,0.0
530,ISIC_0006326,0.0
578,ISIC_0009297,0.0
734,ISIC_0010089,1.0
626,ISIC_0009920,0.0
1919,ISIC_0014805,0.0
1151,ISIC_0012391,1.0
19,ISIC_0000020,0.0
1799,ISIC_0014511,0.0
1503,ISIC_0013487,0.0
215,ISIC_0000246,0.0
1867,ISIC_0014665,0.0
1164,ISIC_0012455,0.0
1368,ISIC_0013090,0.0
413,ISIC_0000510,0.0
1183,ISIC_0012512,1.0
1506,ISIC_0013490,1.0
1869,ISIC_0014680,0.0
326,ISIC_0000388,0.0
1128,ISIC_0012325,0.0
1035,ISIC_0011358,0.0
1327,ISIC_0012990,1.0
821,ISIC_0010358,1.0
1057,ISIC_0012105,0.0
488,ISIC_0002476,0.0
666,ISIC_0009972,0.0
42,ISIC_0000044,0.0
240,ISIC_0000282,1.0
741,ISIC_0010104,0.0
1113,ISIC_0012282,0.0
603,ISIC_0009884,0.0
1785,ISIC_0014453,0.0
1713,ISIC_0014151,1.0
630,ISIC_0009929,0.0
268,ISIC_0000321,0.0
313,ISIC_0000374,0.0
1972,ISIC_0015032,0.0
475,ISIC_0002093,0.0
1452,ISIC_0013329,0.0
1697,ISIC_0014089,0.0
1739,ISIC_0014249,1.0
62,ISIC_0000066,0.0
977,ISIC_0011171,0.0
1973,ISIC_0015038,0.0
339,ISIC_0000412,1.0
172,ISIC_0000197,0.0
1259,ISIC_0012785,0.0
1828,ISIC_0014589,0.0
1759,ISIC_0014331,1.0
1512,ISIC_0013498,0.0
1626,ISIC_0013841,0.0
436,ISIC_0000535,0.0
252,ISIC_0000299,1.0
534,ISIC_0006776,0.0
1692,ISIC_0014080,0.0
1513,ISIC_0013499,1.0
1878,ISIC_0014702,0.0
902,ISIC_0010597,1.0
1924,ISIC_0014818,0.0
1649,ISIC_0013936,1.0
1249,ISIC_0012741,0.0
975,ISIC_0011169,1.0
182,ISIC_0000208,0.0
1126,ISIC_0012322,0.0
12,ISIC_0000013,1.0
1317,ISIC_0012962,0.0
748,ISIC_0010176,0.0
0,ISIC_0000000,0.0
1975,ISIC_0015045,1.0
711,ISIC_0010054,1.0
742,ISIC_0010105,0.0
444,ISIC_0000544,0.0
636,ISIC_0009936,0.0
587,ISIC_0009758,0.0
1058,ISIC_0012107,0.0
796,ISIC_0010265,1.0
872,ISIC_0010552,0.0
1515,ISIC_0013516,0.0
951,ISIC_0011127,0.0
397,ISIC_0000492,0.0
898,ISIC_0010592,0.0
1444,ISIC_0013306,0.0
1485,ISIC_0013424,0.0
1685,ISIC_0014066,0.0
164,ISIC_0000186,0.0
157,ISIC_0000176,1.0
203,ISIC_0000232,0.0
601,ISIC_0009882,1.0
275,ISIC_0000328,0.0
689,ISIC_0010016,1.0
1016,ISIC_0011321,0.0
569,ISIC_0008993,0.0
1936,ISIC_0014843,0.0
1511,ISIC_0013497,1.0
1846,ISIC_0014617,0.0
1363,ISIC_0013084,0.0
1792,ISIC_0014486,1.0
698,ISIC_0010028,0.0
1721,ISIC_0014171,1.0
1461,ISIC_0013355,0.0
1311,ISIC_0012945,0.0
1844,ISIC_0014613,0.0
1133,ISIC_0012338,0.0
1312,ISIC_0012949,0.0
1639,ISIC_0013890,0.0
1065,ISIC_0012141,0.0
697,ISIC_0010025,0.0
319,ISIC_0000381,0.0
494,ISIC_0002780,0.0
1370,ISIC_0013094,0.0
1854,ISIC_0014638,0.0
1004,ISIC_0011294,0.0
1052,ISIC_0012090,0.0
1902,ISIC_0014770,0.0
1556,ISIC_0013664,0.0
993,ISIC_0011217,0.0
228,ISIC_0000262,0.0
1341,ISIC_0013031,0.0
1983,ISIC_0015153,0.0
1146,ISIC_0012381,0.0
1623,ISIC_0013837,0.0
286,ISIC_0000344,0.0
1018,ISIC_0011324,0.0
504,ISIC_0003005,0.0
952,ISIC_0011130,1.0
1528,ISIC_0013572,1.0
323,ISIC_0000385,0.0
1160,ISIC_0012445,0.0
365,ISIC_0000455,0.0
583,ISIC_0009533,0.0
1922,ISIC_0014811,0.0
1732,ISIC_0014197,0.0
983,ISIC_0011204,0.0
1145,ISIC_0012379,0.0
1023,ISIC_0011333,0.0
36,ISIC_0000038,0.0
296,ISIC_0000354,0.0
1642,ISIC_0013918,0.0
595,ISIC_0009874,0.0
57,ISIC_0000061,0.0
1024,ISIC_0011336,0.0
1755,ISIC_0014324,1.0
680,ISIC_0010000,1.0
1170,ISIC_0012475,0.0
1152,ISIC_0012397,0.0
607,ISIC_0009891,0.0
1977,ISIC_0015082,1.0
1577,ISIC_0013712,0.0
525,ISIC_0005666,0.0
545,ISIC_0007760,0.0
177,ISIC_0000203,0.0
1246,ISIC_0012737,0.0
411,ISIC_0000508,0.0
803,ISIC_0010329,1.0
1971,ISIC_0015006,0.0
1034,ISIC_0011353,0.0
1342,ISIC_0013032,0.0
1965,ISIC_0014933,0.0
1553,ISIC_0013643,0.0
490,ISIC_0002489,0.0
1231,ISIC_0012700,0.0
955,ISIC_0011135,1.0
1287,ISIC_0012871,0.0
1398,ISIC_0013177,0.0
1393,ISIC_0013166,0.0
925,ISIC_0010864,0.0
437,ISIC_0000536,0.0
1599,ISIC_0013792,0.0
1489,ISIC_0013429,1.0
820,ISIC_0010357,0.0
1650,ISIC_0013942,0.0
693,ISIC_0010020,0.0
1129,ISIC_0012329,0.0
1294,ISIC_0012884,0.0
250,ISIC_0000297,1.0
116,ISIC_0000129,0.0
1912,ISIC_0014793,0.0
1803,ISIC_0014522,0.0
1414,ISIC_0013207,0.0
265,ISIC_0000317,0.0
1412,ISIC_0013204,0.0
963,ISIC_0011155,0.0
1130,ISIC_0012332,0.0
1275,ISIC_0012827,0.0
1358,ISIC_0013065,0.0
1464,ISIC_0013360,0.0
962,ISIC_0011146,0.0
937,ISIC_0011101,0.0
1419,ISIC_0013219,0.0
1659,ISIC_0013971,0.0
729,ISIC_0010080,1.0
804,ISIC_0010330,0.0
1426,ISIC_0013233,0.0
1841,ISIC_0014607,0.0
792,ISIC_0010257,0.0
1481,ISIC_0013409,0.0
600,ISIC_0009881,0.0
1542,ISIC_0013601,0.0
1832,ISIC_0014594,0.0
1664,ISIC_0013982,0.0
564,ISIC_0008659,0.0
1501,ISIC_0013480,0.0
1375,ISIC_0013114,0.0
96,ISIC_0000105,0.0
668,ISIC_0009974,0.0
262,ISIC_0000314,1.0
1090,ISIC_0012224,0.0
99,ISIC_0000109,0.0
596,ISIC_0009875,0.0
1434,ISIC_0013257,0.0
800,ISIC_0010320,0.0
375,ISIC_0000468,0.0
1092,ISIC_0012228,0.0
1269,ISIC_0012810,0.0
919,ISIC_0010857,0.0
289,ISIC_0000347,0.0
1611,ISIC_0013806,0.0
31,ISIC_0000032,0.0
469,ISIC_0001134,1.0
1648,ISIC_0013935,0.0
938,ISIC_0011102,0.0
704,ISIC_0010042,0.0
1720,ISIC_0014169,0.0
407,ISIC_0000504,0.0
1474,ISIC_0013394,0.0
1874,ISIC_0014692,0.0
1629,ISIC_0013845,1.0
126,ISIC_0000139,1.0
387,ISIC_0000482,1.0
1093,ISIC_0012230,0.0
482,ISIC_0002374,0.0
611,ISIC_0009898,1.0
180,ISIC_0000206,0.0
330,ISIC_0000393,1.0
852,ISIC_0010468,1.0
503,ISIC_0002976,0.0
1297,ISIC_0012889,0.0
45,ISIC_0000047,0.0
5,ISIC_0000006,0.0
727,ISIC_0010077,0.0
142,ISIC_0000156,1.0
1225,ISIC_0012690,0.0
969,ISIC_0011163,1.0
1011,ISIC_0011305,1.0
1945,ISIC_0014866,0.0
1192,ISIC_0012529,0.0
567,ISIC_0008879,0.0
509,ISIC_0003346,0.0
840,ISIC_0010448,0.0
1693,ISIC_0014081,0.0
1703,ISIC_0014114,0.0
513,ISIC_0004166,0.0
576,ISIC_0009188,0.0
1084,ISIC_0012209,0.0
1776,ISIC_0014410,0.0
1203,ISIC_0012661,0.0
1600,ISIC_0013795,0.0
1657,ISIC_0013969,1.0
1282,ISIC_0012851,0.0
171,ISIC_0000196,0.0
826,ISIC_0010367,0.0
1207,ISIC_0012665,0.0
1096,ISIC_0012235,0.0
414,ISIC_0000511,1.0
1695,ISIC_0014083,0.0
103,ISIC_0000113,0.0
1235,ISIC_0012706,0.0
1086,ISIC_0012212,0.0
745,ISIC_0010171,1.0
1022,ISIC_0011330,0.0
1666,ISIC_0013984,1.0
1378,ISIC_0013121,0.0
76,ISIC_0000082,0.0
337,ISIC_0000409,0.0
1256,ISIC_0012772,0.0
263,ISIC_0000315,0.0
445,ISIC_0000545,0.0
1538,ISIC_0013595,0.0
721,ISIC_0010066,0.0
1994,ISIC_0015219,1.0
258,ISIC_0000307,1.0
1929,ISIC_0014830,0.0
798,ISIC_0010317,0.0
1424,ISIC_0013227,0.0
1017,ISIC_0011322,0.0
1727,ISIC_0014187,1.0
1112,ISIC_0012281,0.0
1100,ISIC_0012246,0.0
585,ISIC_0009583,0.0
1769,ISIC_0014366,1.0
1409,ISIC_0013198,1.0
1826,ISIC_0014583,0.0
1323,ISIC_0012982,0.0
328,ISIC_0000391,0.0
376,ISIC_0000469,1.0
1885,ISIC_0014716,0.0
18,ISIC_0000019,0.0
1338,ISIC_0013025,0.0
259,ISIC_0000310,1.0
1313,ISIC_0012950,0.0
318,ISIC_0000380,0.0
1999,ISIC_0015295,0.0
1583,ISIC_0013737,0.0
1738,ISIC_0014248,0.0
209,ISIC_0000239,0.0
1441,ISIC_0013294,0.0
883,ISIC_0010570,0.0
1851,ISIC_0014630,0.0
752,ISIC_0010182,0.0
104,ISIC_0000116,0.0
1989,ISIC_0015182,0.0
1298,ISIC_0012891,0.0
1124,ISIC_0012318,0.0
1303,ISIC_0012905,0.0
1641,ISIC_0013910,0.0
28,ISIC_0000029,1.0
972,ISIC_0011166,1.0
1546,ISIC_0013618,1.0
1866,ISIC_0014664,0.0
174,ISIC_0000199,0.0
1007,ISIC_0011298,0.0
1406,ISIC_0013193,0.0
1454,ISIC_0013333,0.0
1224,ISIC_0012685,0.0
173,ISIC_0000198,0.0
360,ISIC_0000447,0.0
1105,ISIC_0012260,0.0
1314,ISIC_0012952,0.0
170,ISIC_0000193,0.0
388,ISIC_0000483,0.0
1683,ISIC_0014061,1.0
1654,ISIC_0013962,0.0
864,ISIC_0010487,0.0
1767,ISIC_0014361,1.0
1318,ISIC_0012966,0.0
1535,ISIC_0013585,0.0
844,ISIC_0010456,0.0
1633,ISIC_0013865,1.0
1404,ISIC_0013190,0.0
410,ISIC_0000507,0.0
1095,ISIC_0012233,0.0
708,ISIC_0010047,0.0
1380,ISIC_0013126,0.0
559,ISIC_0008528,0.0
1861,ISIC_0014651,0.0
1085,ISIC_0012211,0.0
381,ISIC_0000475,0.0
1005,ISIC_0011296,0.0
1974,ISIC_0015044,0.0
1590,ISIC_0013762,1.0
507,ISIC_0003174,0.0
1273,ISIC_0012823,0.0
1806,ISIC_0014527,1.0
394,ISIC_0000489,0.0
75,ISIC_0000081,0.0
623,ISIC_0009917,0.0
555,ISIC_0008396,0.0
1525,ISIC_0013559,0.0
913,ISIC_0010850,0.0
1376,ISIC_0013118,0.0
660,ISIC_0009965,0.0
625,ISIC_0009919,0.0
300,ISIC_0000359,0.0
85,ISIC_0000094,0.0
1209,ISIC_0012669,0.0
853,ISIC_0010471,0.0
1385,ISIC_0013141,1.0
1937,ISIC_0014845,0.0
1243,ISIC_0012725,0.0
369,ISIC_0000460,0.0
1221,ISIC_0012681,0.0
1213,ISIC_0012673,0.0
464,ISIC_0001119,1.0
1518,ISIC_0013525,1.0
351,ISIC_0000431,0.0
1324,ISIC_0012986,0.0
223,ISIC_0000256,0.0
685,ISIC_0010011,1.0
1918,ISIC_0014804,0.0
992,ISIC_0011215,0.0
978,ISIC_0011173,0.0
1364,ISIC_0013086,0.0
810,ISIC_0010339,0.0
1029,ISIC_0011345,0.0
877,ISIC_0010562,0.0
1387,ISIC_0013147,0.0
958,ISIC_0011140,1.0
456,ISIC_0000882,0.0
1495,ISIC_0013438,0.0
922,ISIC_0010861,0.0
905,ISIC_0010602,0.0
257,ISIC_0000306,1.0
1074,ISIC_0012173,0.0
1309,ISIC_0012940,0.0
299,ISIC_0000358,0.0
121,ISIC_0000134,0.0
1775,ISIC_0014397,0.0
16,ISIC_0000017,0.0
1508,ISIC_0013493,0.0
648,ISIC_0009950,1.0
608,ISIC_0009895,0.0
1044,ISIC_0011384,0.0
1651,ISIC_0013946,0.0
1801,ISIC_0014516,0.0
575,ISIC_0009165,0.0
1429,ISIC_0013238,0.0
953,ISIC_0011131,0.0
24,ISIC_0000025,0.0
981,ISIC_0011199,0.0
1883,ISIC_0014714,0.0
499,ISIC_0002879,0.0
1132,ISIC_0012334,0.0
511,ISIC_0004110,0.0
193,ISIC_0000220,0.0
1154,ISIC_0012413,0.0
1976,ISIC_0015079,1.0
1031,ISIC_0011348,1.0
1075,ISIC_0012175,0.0
1391,ISIC_0013163,0.0
138,ISIC_0000152,1.0
35,ISIC_0000037,0.0
812,ISIC_0010341,0.0
961,ISIC_0011145,0.0
1053,ISIC_0012094,0.0
1077,ISIC_0012179,0.0
1325,ISIC_0012987,0.0
1876,ISIC_0014696,0.0
1576,ISIC_0013709,0.0
1709,ISIC_0014136,1.0
1658,ISIC_0013970,0.0
241,ISIC_0000283,1.0
670,ISIC_0009976,0.0
1186,ISIC_0012518,0.0
1858,ISIC_0014642,0.0
1548,ISIC_0013625,0.0
1155,ISIC_0012415,0.0
358,ISIC_0000444,1.0
1809,ISIC_0014537,0.0
1197,ISIC_0012550,0.0
878,ISIC_0010565,0.0
65,ISIC_0000069,0.0
146,ISIC_0000161,1.0
460,ISIC_0001102,1.0
420,ISIC_0000518,1.0
1734,ISIC_0014222,1.0
1573,ISIC_0013695,0.0
1270,ISIC_0012811,0.0
1334,ISIC_0013014,0.0
1514,ISIC_0013500,1.0
577,ISIC_0009252,0.0
33,ISIC_0000035,1.0
926,ISIC_0011079,0.0
144,ISIC_0000159,1.0
82,ISIC_0000091,0.0
463,ISIC_0001118,1.0
773,ISIC_0010225,1.0
825,ISIC_0010365,0.0
1625,ISIC_0013840,1.0
906,ISIC_0010603,0.0
1067,ISIC_0012150,0.0
907,ISIC_0010606,0.0
1587,ISIC_0013748,0.0
1244,ISIC_0012726,0.0
225,ISIC_0000259,0.0
1910,ISIC_0014788,1.0
141,ISIC_0000155,1.0
1777,ISIC_0014422,1.0
1602,ISIC_0013797,0.0
1540,ISIC_0013597,0.0
1545,ISIC_0013610,1.0
1665,ISIC_0013983,0.0
1604,ISIC_0013799,0.0
1059,ISIC_0012108,0.0
1701,ISIC_0014099,1.0
1793,ISIC_0014490,0.0
1935,ISIC_0014839,0.0
1815,ISIC_0014569,0.0
1539,ISIC_0013596,0.0
1477,ISIC_0013398,0.0
863,ISIC_0010483,0.0
629,ISIC_0009925,0.0
1187,ISIC_0012520,0.0
1865,ISIC_0014661,0.0
1069,ISIC_0012156,0.0
1669,ISIC_0013996,0.0
573,ISIC_0009083,0.0
672,ISIC_0009979,0.0
320,ISIC_0000382,0.0
1529,ISIC_0013573,1.0
442,ISIC_0000542,0.0
920,ISIC_0010858,0.0
478,ISIC_0002246,0.0
220,ISIC_0000253,0.0
459,ISIC_0001100,1.0
739,ISIC_0010100,0.0
256,ISIC_0000303,1.0
1805,ISIC_0014526,0.0
26,ISIC_0000027,0.0
106,ISIC_0000119,0.0
505,ISIC_0003051,0.0
1167,ISIC_0012464,0.0
1291,ISIC_0012879,0.0
998,ISIC_0011224,0.0
1284,ISIC_0012855,0.0
855,ISIC_0010473,0.0
489,ISIC_0002488,0.0
316,ISIC_0000378,0.0
1336,ISIC_0013023,0.0
1304,ISIC_0012907,0.0
510,ISIC_0003728,0.0
64,ISIC_0000068,0.0
184,ISIC_0000211,0.0
1743,ISIC_0014272,0.0
47,ISIC_0000049,1.0
1768,ISIC_0014365,0.0
1438,ISIC_0013275,0.0
1661,ISIC_0013975,1.0
1200,ISIC_0012657,0.0
1968,ISIC_0014983,1.0
183,ISIC_0000209,0.0
888,ISIC_0010581,0.0
834,ISIC_0010435,0.0
1171,ISIC_0012478,0.0
726,ISIC_0010075,0.0
988,ISIC_0011211,0.0
1121,ISIC_0012303,0.0
514,ISIC_0004168,0.0
788,ISIC_0010251,1.0
119,ISIC_0000132,0.0
1718,ISIC_0014164,0.0
1101,ISIC_0012250,0.0
295,ISIC_0000353,0.0
166,ISIC_0000189,0.0
327,ISIC_0000390,1.0
1589,ISIC_0013758,0.0
1675,ISIC_0014028,0.0
1588,ISIC_0013749,0.0
1762,ISIC_0014346,0.0
1087,ISIC_0012213,0.0
1416,ISIC_0013212,0.0
380,ISIC_0000474,0.0
896,ISIC_0010590,0.0
714,ISIC_0010058,0.0
1520,ISIC_0013530,1.0
1953,ISIC_0014908,0.0
9,ISIC_0000010,0.0
20,ISIC_0000021,0.0
778,ISIC_0010234,0.0
947,ISIC_0011121,1.0
218,ISIC_0000251,0.0
1278,ISIC_0012835,0.0
143,ISIC_0000157,1.0
389,ISIC_0000484,1.0
1498,ISIC_0013458,0.0
831,ISIC_0010374,0.0
1705,ISIC_0014127,1.0
1711,ISIC_0014149,0.0
1319,ISIC_0012969,0.0
781,ISIC_0010240,1.0
1526,ISIC_0013567,1.0
398,ISIC_0000493,0.0
1985,ISIC_0015166,1.0
779,ISIC_0010236,0.0
908,ISIC_0010607,0.0
760,ISIC_0010194,1.0
1260,ISIC_0012787,0.0
1271,ISIC_0012813,0.0
1532,ISIC_0013580,0.0
1663,ISIC_0013981,0.0
1891,ISIC_0014731,0.0
1330,ISIC_0013000,0.0
280,ISIC_0000336,0.0
314,ISIC_0000376,0.0
539,ISIC_0007038,0.0
1686,ISIC_0014069,0.0
1272,ISIC_0012814,0.0
1118,ISIC_0012294,0.0
797,ISIC_0010267,1.0
1369,ISIC_0013092,0.0
56,ISIC_0000059,0.0
791,ISIC_0010256,0.0
943,ISIC_0011115,0.0
650,ISIC_0009953,0.0
1699,ISIC_0014093,0.0
638,ISIC_0009938,0.0
1371,ISIC_0013096,0.0
1660,ISIC_0013972,1.0
756,ISIC_0010187,0.0
1352,ISIC_0013053,0.0
1840,ISIC_0014606,0.0
1782,ISIC_0014438,0.0
1421,ISIC_0013222,0.0
1519,ISIC_0013526,0.0
1967,ISIC_0014975,1.0
1104,ISIC_0012259,0.0
356,ISIC_0000442,0.0
1073,ISIC_0012172,0.0
683,ISIC_0010005,0.0
370,ISIC_0000461,0.0
46,ISIC_0000048,0.0
1797,ISIC_0014504,0.0
598,ISIC_0009879,0.0
1143,ISIC_0012377,0.0
34,ISIC_0000036,1.0
1706,ISIC_0014131,0.0
719,ISIC_0010063,0.0
571,ISIC_0009035,0.0
207,ISIC_0000236,0.0
25,ISIC_0000026,1.0
717,ISIC_0010061,0.0
1716,ISIC_0014158,0.0
255,ISIC_0000302,1.0
1021,ISIC_0011328,0.0
1856,ISIC_0014640,0.0
249,ISIC_0000295,1.0
1510,ISIC_0013495,0.0
219,ISIC_0000252,0.0
159,ISIC_0000179,0.0
1354,ISIC_0013055,0.0
425,ISIC_0000523,0.0
543,ISIC_0007557,0.0
642,ISIC_0009942,0.0
51,ISIC_0000053,0.0
155,ISIC_0000172,1.0
1667,ISIC_0013986,1.0
746,ISIC_0010173,0.0
1401,ISIC_0013184,1.0
1927,ISIC_0014823,0.0
332,ISIC_0000396,0.0
1388,ISIC_0013150,0.0
150,ISIC_0000165,1.0
828,ISIC_0010370,0.0
1229,ISIC_0012697,0.0
562,ISIC_0008600,0.0
1458,ISIC_0013341,0.0
572,ISIC_0009078,0.0
857,ISIC_0010475,0.0
1156,ISIC_0012416,0.0
302,ISIC_0000361,0.0
335,ISIC_0000407,0.0
1763,ISIC_0014347,1.0
829,ISIC_0010371,0.0
1562,ISIC_0013675,0.0
1860,ISIC_0014650,0.0
1621,ISIC_0013835,0.0
386,ISIC_0000481,0.0
549,ISIC_0008207,0.0
194,ISIC_0000221,0.0
835,ISIC_0010441,1.0
1116,ISIC_0012290,1.0
63,ISIC_0000067,0.0
579,ISIC_0009298,0.0
1072,ISIC_0012170,0.0
1238,ISIC_0012711,0.0
1997,ISIC_0015260,0.0
1106,ISIC_0012261,0.0
1103,ISIC_0012257,0.0
1559,ISIC_0013671,1.0
401,ISIC_0000496,0.0
1950,ISIC_0014898,0.0
1138,ISIC_0012359,0.0
416,ISIC_0000514,0.0
1527,ISIC_0013568,0.0
910,ISIC_0010846,0.0
1265,ISIC_0012793,0.0
1979,ISIC_0015109,1.0
14,ISIC_0000015,0.0
885,ISIC_0010573,0.0
1941,ISIC_0014850,0.0
1353,ISIC_0013054,0.0
1944,ISIC_0014860,0.0
71,ISIC_0000077,1.0
1331,ISIC_0013001,0.0
722,ISIC_0010067,1.0
1117,ISIC_0012291,0.0
1190,ISIC_0012526,0.0
341,ISIC_0000415,1.0
1296,ISIC_0012888,0.0
1618,ISIC_0013830,0.0
22,ISIC_0000023,0.0
368,ISIC_0000458,0.0
502,ISIC_0002975,0.0
584,ISIC_0009564,0.0
795,ISIC_0010264,0.0
264,ISIC_0000316,0.0
848,ISIC_0010463,0.0
4,ISIC_0000004,1.0
191,ISIC_0000218,0.0
1009,ISIC_0011303,0.0
272,ISIC_0000325,0.0
1451,ISIC_0013326,0.0
433,ISIC_0000532,0.0
176,ISIC_0000202,0.0
117,ISIC_0000130,0.0
350,ISIC_0000427,0.0
649,ISIC_0009951,0.0
639,ISIC_0009939,0.0
553,ISIC_0008294,0.0
1046,ISIC_0011387,1.0
774,ISIC_0010227,0.0
1816,ISIC_0014570,0.0
1857,ISIC_0014641,0.0
1462,ISIC_0013356,0.0
385,ISIC_0000480,0.0
1181,ISIC_0012508,0.0
1672,ISIC_0014004,0.0
1818,ISIC_0014573,0.0
1343,ISIC_0013033,0.0
944,ISIC_0011117,0.0
279,ISIC_0000332,0.0
644,ISIC_0009945,0.0
634,ISIC_0009933,0.0
1253,ISIC_0012756,1.0
1340,ISIC_0013027,0.0
901,ISIC_0010596,1.0
1165,ISIC_0012459,0.0
599,ISIC_0009880,0.0
966,ISIC_0011159,0.0
11,ISIC_0000012,0.0
817,ISIC_0010350,1.0
1381,ISIC_0013129,0.0
1868,ISIC_0014667,0.0
754,ISIC_0010185,0.0
216,ISIC_0000247,0.0
483,ISIC_0002438,0.0
1194,ISIC_0012543,0.0
591,ISIC_0009870,0.0
1264,ISIC_0012792,0.0
1088,ISIC_0012214,0.0
165,ISIC_0000188,0.0
621,ISIC_0009914,0.0
1904,ISIC_0014775,0.0
1332,ISIC_0013007,0.0
617,ISIC_0009909,0.0
239,ISIC_0000281,1.0
1569,ISIC_0013688,0.0
251,ISIC_0000298,1.0
1305,ISIC_0012911,0.0
811,ISIC_0010340,0.0
590,ISIC_0009869,0.0
528,ISIC_0006114,0.0
709,ISIC_0010051,0.0
702,ISIC_0010036,1.0
290,ISIC_0000348,0.0
931,ISIC_0011089,0.0
1687,ISIC_0014072,1.0
1585,ISIC_0013742,0.0
678,ISIC_0009994,0.0
196,ISIC_0000223,0.0
87,ISIC_0000096,0.0
1300,ISIC_0012898,0.0
973,ISIC_0011167,0.0
1392,ISIC_0013165,0.0
941,ISIC_0011112,1.0
1427,ISIC_0013235,0.0
783,ISIC_0010244,0.0
402,ISIC_0000498,0.0
13,ISIC_0000014,0.0
1276,ISIC_0012828,0.0
1766,ISIC_0014360,1.0
1714,ISIC_0014156,1.0
766,ISIC_0010212,0.0
1245,ISIC_0012735,0.0
1328,ISIC_0012998,0.0
175,ISIC_0000201,0.0
836,ISIC_0010442,0.0
1045,ISIC_0011386,0.0
1882,ISIC_0014713,0.0
244,ISIC_0000289,1.0
163,ISIC_0000185,0.0
854,ISIC_0010472,0.0
1240,ISIC_0012715,1.0
441,ISIC_0000541,0.0
1959,ISIC_0014922,1.0
764,ISIC_0010206,0.0
1333,ISIC_0013012,0.0
876,ISIC_0010558,0.0
1688,ISIC_0014073,0.0
1012,ISIC_0011306,0.0
1491,ISIC_0013432,0.0
1465,ISIC_0013364,0.0
128,ISIC_0000141,1.0
1719,ISIC_0014166,0.0
830,ISIC_0010372,1.0
1741,ISIC_0014263,0.0
815,ISIC_0010346,0.0
899,ISIC_0010593,0.0
168,ISIC_0000191,0.0
1266,ISIC_0012800,0.0
515,ISIC_0004309,0.0
462,ISIC_0001105,1.0
687,ISIC_0010014,0.0
841,ISIC_0010449,0.0
1161,ISIC_0012450,1.0
802,ISIC_0010327,0.0
352,ISIC_0000433,0.0
667,ISIC_0009973,0.0
41,ISIC_0000043,1.0
1201,ISIC_0012658,0.0
471,ISIC_0001142,1.0
423,ISIC_0000521,1.0
897,ISIC_0010591,1.0
1431,ISIC_0013244,0.0
1670,ISIC_0013997,1.0
1656,ISIC_0013967,0.0
1630,ISIC_0013861,1.0
891,ISIC_0010585,0.0
1993,ISIC_0015204,1.0
1,ISIC_0000001,0.0
1554,ISIC_0013652,1.0
1646,ISIC_0013929,0.0
970,ISIC_0011164,0.0
479,ISIC_0002251,0.0
109,ISIC_0000122,0.0
1290,ISIC_0012878,0.0
1399,ISIC_0013178,0.0
1322,ISIC_0012981,0.0
1214,ISIC_0012674,0.0
1822,ISIC_0014579,0.0
321,ISIC_0000383,0.0
309,ISIC_0000369,0.0
1725,ISIC_0014183,1.0
1344,ISIC_0013034,0.0
158,ISIC_0000177,0.0
890,ISIC_0010584,0.0
1484,ISIC_0013423,0.0
1899,ISIC_0014762,0.0
862,ISIC_0010481,0.0
1991,ISIC_0015190,1.0
614,ISIC_0009902,0.0
1817,ISIC_0014571,0.0
786,ISIC_0010248,0.0
1483,ISIC_0013417,0.0
15,ISIC_0000016,0.0
1041,ISIC_0011367,0.0
1359,ISIC_0013071,0.0
1215,ISIC_0012675,0.0
930,ISIC_0011088,0.0
799,ISIC_0010318,0.0
928,ISIC_0011083,0.0
1536,ISIC_0013592,0.0
1153,ISIC_0012406,0.0
179,ISIC_0000205,0.0
1383,ISIC_0013136,0.0
658,ISIC_0009963,0.0
1952,ISIC_0014904,0.0
643,ISIC_0009943,0.0
653,ISIC_0009956,0.0
806,ISIC_0010333,0.0
374,ISIC_0000467,0.0
1905,ISIC_0014778,0.0
72,ISIC_0000078,1.0
453,ISIC_0000554,1.0
1457,ISIC_0013340,0.0
1163,ISIC_0012453,0.0
90,ISIC_0000099,0.0
10,ISIC_0000011,0.0
771,ISIC_0010220,0.0
467,ISIC_0001131,1.0
1992,ISIC_0015200,1.0
1925,ISIC_0014819,0.0
331,ISIC_0000395,1.0
1745,ISIC_0014274,0.0
1571,ISIC_0013690,0.0
895,ISIC_0010589,0.0
512,ISIC_0004115,0.0
560,ISIC_0008541,0.0
1466,ISIC_0013365,1.0
1268,ISIC_0012806,0.0
181,ISIC_0000207,0.0
856,ISIC_0010474,0.0
627,ISIC_0009921,0.0
1934,ISIC_0014838,0.0
1123,ISIC_0012311,0.0
1710,ISIC_0014144,1.0
1586,ISIC_0013747,0.0
1838,ISIC_0014603,0.0
808,ISIC_0010336,0.0
912,ISIC_0010848,0.0
918,ISIC_0010856,0.0
1447,ISIC_0013314,0.0
1320,ISIC_0012970,0.0
1493,ISIC_0013434,0.0
1390,ISIC_0013160,0.0
160,ISIC_0000181,0.0
151,ISIC_0000166,1.0
1050,ISIC_0011402,0.0
942,ISIC_0011114,0.0
278,ISIC_0000331,0.0
1637,ISIC_0013886,0.0
429,ISIC_0000528,0.0
523,ISIC_0005620,0.0
95,ISIC_0000104,0.0
418,ISIC_0000516,1.0
1147,ISIC_0012382,1.0
238,ISIC_0000278,1.0
1257,ISIC_0012773,0.0
1848,ISIC_0014622,0.0
1871,ISIC_0014683,0.0
772,ISIC_0010222,0.0
1758,ISIC_0014328,0.0
348,ISIC_0000425,0.0
1628,ISIC_0013844,1.0
1617,ISIC_0013819,0.0
1062,ISIC_0012118,0.0
1982,ISIC_0015113,0.0
582,ISIC_0009504,0.0
1735,ISIC_0014225,0.0
1120,ISIC_0012299,0.0
1787,ISIC_0014469,0.0
344,ISIC_0000419,0.0
1541,ISIC_0013599,0.0
451,ISIC_0000551,1.0
1472,ISIC_0013385,0.0
1798,ISIC_0014507,1.0
1081,ISIC_0012203,0.0
1043,ISIC_0011382,0.0
1729,ISIC_0014190,1.0
1764,ISIC_0014353,0.0
1808,ISIC_0014535,0.0
997,ISIC_0011223,0.0
1662,ISIC_0013980,0.0
271,ISIC_0000324,0.0
1849,ISIC_0014625,0.0
1932,ISIC_0014834,0.0
1678,ISIC_0014032,0.0
378,ISIC_0000471,0.0
556,ISIC_0008403,0.0
329,ISIC_0000392,0.0
851,ISIC_0010467,0.0
495,ISIC_0002806,0.0
1241,ISIC_0012719,0.0
1114,ISIC_0012284,0.0
1367,ISIC_0013089,0.0
297,ISIC_0000355,0.0
793,ISIC_0010261,0.0
197,ISIC_0000224,0.0
1788,ISIC_0014473,0.0
935,ISIC_0011098,0.0
769,ISIC_0010216,0.0
1436,ISIC_0013268,0.0
325,ISIC_0000387,0.0
1019,ISIC_0011326,0.0
506,ISIC_0003056,0.0
70,ISIC_0000075,0.0
390,ISIC_0000485,0.0
1781,ISIC_0014433,0.0
1920,ISIC_0014806,0.0
785,ISIC_0010247,0.0
1405,ISIC_0013192,0.0
199,ISIC_0000226,0.0
547,ISIC_0008116,0.0
581,ISIC_0009430,0.0
213,ISIC_0000244,0.0
274,ISIC_0000327,0.0
927,ISIC_0011082,0.0
1647,ISIC_0013933,0.0
990,ISIC_0011213,0.0
1595,ISIC_0013778,0.0
1030,ISIC_0011347,0.0
1722,ISIC_0014173,1.0
870,ISIC_0010497,0.0
472,ISIC_0001148,1.0
1480,ISIC_0013405,0.0
1696,ISIC_0014088,1.0
1014,ISIC_0011315,1.0
110,ISIC_0000123,0.0
892,ISIC_0010586,0.0
1188,ISIC_0012521,0.0
1487,ISIC_0013427,1.0
684,ISIC_0010006,0.0
137,ISIC_0000151,1.0
69,ISIC_0000074,1.0
448,ISIC_0000548,1.0
120,ISIC_0000133,0.0
222,ISIC_0000255,0.0
675,ISIC_0009987,0.0
1386,ISIC_0013146,0.0
149,ISIC_0000164,1.0
705,ISIC_0010043,0.0
633,ISIC_0009932,0.0
1389,ISIC_0013155,0.0
1102,ISIC_0012253,0.0
1082,ISIC_0012205,0.0
1748,ISIC_0014290,1.0
1239,ISIC_0012713,0.0
1593,ISIC_0013775,1.0
664,ISIC_0009969,0.0
762,ISIC_0010202,0.0
1233,ISIC_0012702,0.0
1907,ISIC_0014782,0.0
501,ISIC_0002948,0.0
1473,ISIC_0013390,0.0
1631,ISIC_0013862,0.0
1110,ISIC_0012274,0.0
1148,ISIC_0012384,0.0
248,ISIC_0000294,1.0
1668,ISIC_0013995,1.0
716,ISIC_0010060,0.0
645,ISIC_0009946,0.0
1119,ISIC_0012298,1.0
1789,ISIC_0014475,0.0
123,ISIC_0000136,0.0
1488,ISIC_0013428,0.0
665,ISIC_0009971,1.0
1530,ISIC_0013578,1.0
343,ISIC_0000418,0.0
40,ISIC_0000042,0.0
904,ISIC_0010599,0.0
881,ISIC_0010568,0.0
1958,ISIC_0014920,1.0
80,ISIC_0000088,0.0
635,ISIC_0009935,0.0
118,ISIC_0000131,0.0
1079,ISIC_0012183,0.0
273,ISIC_0000326,0.0
641,ISIC_0009941,0.0
1179,ISIC_0012503,0.0
324,ISIC_0000386,0.0
536,ISIC_0006800,0.0
1702,ISIC_0014108,1.0
1010,ISIC_0011304,0.0
1292,ISIC_0012880,0.0
204,ISIC_0000233,0.0
406,ISIC_0000503,0.0
619,ISIC_0009911,0.0
1490,ISIC_0013430,0.0
787,ISIC_0010249,0.0
1492,ISIC_0013433,0.0
784,ISIC_0010246,0.0
1908,ISIC_0014783,0.0
1996,ISIC_0015233,0.0
353,ISIC_0000434,1.0
1365,ISIC_0013087,0.0
481,ISIC_0002353,0.0
1760,ISIC_0014337,1.0
1175,ISIC_0012494,0.0
980,ISIC_0011177,0.0
336,ISIC_0000408,0.0
1790,ISIC_0014476,1.0
1108,ISIC_0012268,0.0
1726,ISIC_0014185,0.0
570,ISIC_0008998,0.0
422,ISIC_0000520,1.0
1524,ISIC_0013558,0.0
865,ISIC_0010488,0.0
732,ISIC_0010087,0.0
307,ISIC_0000367,0.0
1742,ISIC_0014264,0.0
1896,ISIC_0014748,0.0
749,ISIC_0010177,0.0
1220,ISIC_0012680,0.0
1551,ISIC_0013635,0.0
1193,ISIC_0012539,0.0
900,ISIC_0010595,0.0
1533,ISIC_0013581,1.0
377,ISIC_0000470,0.0
403,ISIC_0000499,0.0
1636,ISIC_0013879,0.0
446,ISIC_0000546,0.0
1892,ISIC_0014735,1.0
283,ISIC_0000341,0.0
1731,ISIC_0014195,0.0
147,ISIC_0000162,1.0
1955,ISIC_0014913,0.0
789,ISIC_0010254,0.0
1463,ISIC_0013359,1.0
818,ISIC_0010351,0.0
1754,ISIC_0014317,0.0
140,ISIC_0000154,1.0
557,ISIC_0008406,0.0
282,ISIC_0000340,0.0
132,ISIC_0000146,1.0
1407,ISIC_0013196,0.0
532,ISIC_0006612,0.0
101,ISIC_0000111,0.0
886,ISIC_0010574,0.0
400,ISIC_0000495,0.0
235,ISIC_0000275,0.0
312,ISIC_0000372,0.0
679,ISIC_0009998,0.0
1800,ISIC_0014515,0.0
1280,ISIC_0012844,0.0
187,ISIC_0000214,0.0
1168,ISIC_0012469,0.0
985,ISIC_0011207,0.0
161,ISIC_0000182,0.0
130,ISIC_0000143,1.0
1561,ISIC_0013674,1.0
1614,ISIC_0013815,1.0
1563,ISIC_0013676,0.0
79,ISIC_0000087,0.0
1274,ISIC_0012826,0.0
1940,ISIC_0014849,0.0
29,ISIC_0000030,1.0
1791,ISIC_0014480,1.0
1295,ISIC_0012887,1.0
1302,ISIC_0012902,0.0
1610,ISIC_0013805,0.0
1150,ISIC_0012390,0.0
1144,ISIC_0012378,0.0
819,ISIC_0010356,0.0
1509,ISIC_0013494,0.0
1139,ISIC_0012360,0.0
55,ISIC_0000057,0.0
217,ISIC_0000250,0.0
493,ISIC_0002673,0.0
580,ISIC_0009344,0.0
395,ISIC_0000490,0.0
186,ISIC_0000213,0.0
1403,ISIC_0013189,0.0
122,ISIC_0000135,0.0
53,ISIC_0000055,0.0
129,ISIC_0000142,1.0
1038,ISIC_0011362,0.0
1915,ISIC_0014797,0.0
620,ISIC_0009912,0.0
1382,ISIC_0013134,0.0
421,ISIC_0000519,1.0
894,ISIC_0010588,0.0
1845,ISIC_0014615,0.0
1802,ISIC_0014518,1.0
1744,ISIC_0014273,0.0
1107,ISIC_0012263,0.0
426,ISIC_0000524,0.0
588,ISIC_0009860,0.0
230,ISIC_0000264,0.0
873,ISIC_0010553,0.0
794,ISIC_0010262,0.0
1078,ISIC_0012182,0.0
1486,ISIC_0013425,0.0
415,ISIC_0000513,1.0
1917,ISIC_0014803,0.0
1890,ISIC_0014730,0.0
1279,ISIC_0012840,0.0
277,ISIC_0000330,0.0
1361,ISIC_0013079,1.0
837,ISIC_0010443,0.0
1926,ISIC_0014821,0.0
476,ISIC_0002107,0.0
1916,ISIC_0014802,0.0
589,ISIC_0009868,1.0
201,ISIC_0000229,0.0
1350,ISIC_0013048,0.0
1825,ISIC_0014582,0.0
718,ISIC_0010062,0.0
310,ISIC_0000370,0.0
1875,ISIC_0014694,0.0
1964,ISIC_0014930,0.0
1051,ISIC_0012089,0.0
214,ISIC_0000245,0.0
1717,ISIC_0014163,1.0
408,ISIC_0000505,0.0
1198,ISIC_0012653,0.0
1879,ISIC_0014707,0.0
921,ISIC_0010860,1.0
604,ISIC_0009885,0.0
776,ISIC_0010231,1.0
1601,ISIC_0013796,0.0
552,ISIC_0008280,0.0
875,ISIC_0010557,0.0
1242,ISIC_0012721,0.0
1000,ISIC_0011227,0.0
1174,ISIC_0012489,0.0
858,ISIC_0010476,1.0
1418,ISIC_0013217,0.0
192,ISIC_0000219,0.0
100,ISIC_0000110,0.0
198,ISIC_0000225,0.0
68,ISIC_0000073,0.0
391,ISIC_0000486,0.0
651,ISIC_0009954,0.0
946,ISIC_0011119,0.0
1218,ISIC_0012678,1.0
960,ISIC_0011144,0.0
1230,ISIC_0012699,0.0
882,ISIC_0010569,0.0
439,ISIC_0000539,0.0
991,ISIC_0011214,0.0
1578,ISIC_0013713,0.0
1534,ISIC_0013584,0.0
558,ISIC_0008507,0.0
246,ISIC_0000292,1.0
757,ISIC_0010191,0.0
1795,ISIC_0014501,1.0
349,ISIC_0000426,0.0
1616,ISIC_0013817,0.0
824,ISIC_0010364,1.0
1149,ISIC_0012386,0.0
1036,ISIC_0011359,0.0
1645,ISIC_0013927,0.0
715,ISIC_0010059,0.0
681,ISIC_0010002,0.0
1821,ISIC_0014578,0.0
1901,ISIC_0014769,0.0
367,ISIC_0000457,0.0
1961,ISIC_0014925,0.0
517,ISIC_0004715,0.0
1263,ISIC_0012790,0.0
677,ISIC_0009993,1.0
1115,ISIC_0012285,0.0
1048,ISIC_0011397,0.0
731,ISIC_0010086,0.0
842,ISIC_0010452,0.0
663,ISIC_0009968,0.0
959,ISIC_0011143,0.0
1773,ISIC_0014394,0.0
986,ISIC_0011208,0.0
1598,ISIC_0013789,0.0
37,ISIC_0000039,0.0
1289,ISIC_0012877,0.0
270,ISIC_0000323,0.0
1704,ISIC_0014120,0.0
1543,ISIC_0013603,0.0
1299,ISIC_0012897,0.0
92,ISIC_0000101,0.0
1813,ISIC_0014554,0.0
345,ISIC_0000420,1.0
866,ISIC_0010490,0.0
1835,ISIC_0014598,0.0
1283,ISIC_0012854,0.0
1679,ISIC_0014044,1.0
210,ISIC_0000240,0.0
743,ISIC_0010168,0.0
269,ISIC_0000322,0.0
1098,ISIC_0012238,0.0
404,ISIC_0000500,0.0
1500,ISIC_0013474,0.0
1379,ISIC_0013124,0.0
23,ISIC_0000024,0.0
1435,ISIC_0013258,1.0
492,ISIC_0002647,0.0
355,ISIC_0000439,0.0
1247,ISIC_0012739,0.0
694,ISIC_0010021,0.0
1037,ISIC_0011361,0.0
508,ISIC_0003308,0.0
827,ISIC_0010368,0.0
477,ISIC_0002206,0.0
1234,ISIC_0012704,0.0
382,ISIC_0000476,0.0
887,ISIC_0010575,0.0
342,ISIC_0000416,0.0
1827,ISIC_0014585,0.0
1411,ISIC_0013201,0.0
1947,ISIC_0014890,0.0
1158,ISIC_0012435,1.0
720,ISIC_0010064,0.0
1765,ISIC_0014357,1.0
107,ISIC_0000120,0.0
1326,ISIC_0012988,1.0
1682,ISIC_0014049,1.0
1408,ISIC_0013197,0.0
1366,ISIC_0013088,0.0
379,ISIC_0000473,0.0
237,ISIC_0000277,1.0
38,ISIC_0000040,1.0
127,ISIC_0000140,1.0
242,ISIC_0000285,1.0
1248,ISIC_0012740,0.0
1567,ISIC_0013685,0.0
124,ISIC_0000137,0.0
458,ISIC_0000999,0.0
1906,ISIC_0014779,0.0
801,ISIC_0010326,0.0
845,ISIC_0010458,0.0
484,ISIC_0002439,0.0
39,ISIC_0000041,0.0
655,ISIC_0009960,1.0
1995,ISIC_0015220,0.0
1521,ISIC_0013552,0.0
1459,ISIC_0013342,0.0
1888,ISIC_0014724,0.0
1700,ISIC_0014094,0.0
1698,ISIC_0014092,1.0
1205,ISIC_0012663,0.0
412,ISIC_0000509,0.0
427,ISIC_0000525,0.0
111,ISIC_0000124,0.0
761,ISIC_0010201,0.0
202,ISIC_0000231,0.0
1494,ISIC_0013437,0.0
1068,ISIC_0012155,0.0
751,ISIC_0010180,0.0
637,ISIC_0009937,0.0
521,ISIC_0005548,0.0
1430,ISIC_0013243,0.0
631,ISIC_0009930,0.0
1622,ISIC_0013836,0.0
1605,ISIC_0013800,0.0
293,ISIC_0000351,0.0
1267,ISIC_0012804,0.0
287,ISIC_0000345,0.0
737,ISIC_0010093,0.0
195,ISIC_0000222,0.0
1751,ISIC_0014308,1.0
88,ISIC_0000097,0.0
1122,ISIC_0012309,0.0
428,ISIC_0000527,0.0
1804,ISIC_0014525,1.0
519,ISIC_0005000,0.0
1770,ISIC_0014372,1.0
457,ISIC_0000900,0.0
139,ISIC_0000153,1.0
1560,ISIC_0013672,1.0
1178,ISIC_0012501,0.0
1834,ISIC_0014596,0.0
1750,ISIC_0014299,0.0
706,ISIC_0010044,0.0
7,ISIC_0000008,0.0
371,ISIC_0000463,1.0
1771,ISIC_0014385,1.0
1185,ISIC_0012517,0.0
417,ISIC_0000515,0.0
1923,ISIC_0014812,0.0
1930,ISIC_0014831,0.0
405,ISIC_0000501,0.0
1674,ISIC_0014026,0.0
1210,ISIC_0012670,0.0
364,ISIC_0000453,0.0
723,ISIC_0010069,0.0
1374,ISIC_0013112,0.0
1449,ISIC_0013316,0.0
1236,ISIC_0012709,0.0
1091,ISIC_0012227,0.0
1195,ISIC_0012544,0.0
1026,ISIC_0011339,0.0
154,ISIC_0000171,1.0
884,ISIC_0010571,0.0
1475,ISIC_0013395,0.0
1914,ISIC_0014795,1.0
435,ISIC_0000534,0.0
1507,ISIC_0013492,0.0
861,ISIC_0010480,0.0
1415,ISIC_0013208,0.0
1689,ISIC_0014074,0.0
566,ISIC_0008807,0.0
533,ISIC_0006711,0.0
392,ISIC_0000487,1.0
470,ISIC_0001140,1.0
1736,ISIC_0014229,1.0
1708,ISIC_0014133,1.0
1066,ISIC_0012148,0.0
707,ISIC_0010046,0.0
1987,ISIC_0015170,0.0
1134,ISIC_0012339,0.0
682,ISIC_0010003,0.0
474,ISIC_0001960,0.0
1836,ISIC_0014599,0.0
443,ISIC_0000543,0.0
97,ISIC_0000107,0.0
487,ISIC_0002469,0.0
8,ISIC_0000009,0.0
152,ISIC_0000167,1.0
1099,ISIC_0012245,0.0
189,ISIC_0000216,0.0
6,ISIC_0000007,0.0
1226,ISIC_0012692,0.0
94,ISIC_0000103,0.0
3,ISIC_0000003,0.0
373,ISIC_0000466,1.0
1410,ISIC_0013200,0.0
1552,ISIC_0013639,1.0
1446,ISIC_0013311,0.0
1565,ISIC_0013682,0.0
1671,ISIC_0014001,0.0
767,ISIC_0010213,0.0
725,ISIC_0010074,0.0
1222,ISIC_0012682,0.0
945,ISIC_0011118,1.0
1877,ISIC_0014699,0.0
1779,ISIC_0014431,0.0
1852,ISIC_0014632,0.0
1345,ISIC_0013037,0.0
1468,ISIC_0013370,0.0
438,ISIC_0000538,0.0
1497,ISIC_0013456,0.0
893,ISIC_0010587,1.0
538,ISIC_0006982,0.0
765,ISIC_0010207,1.0
1643,ISIC_0013921,0.0
1002,ISIC_0011230,0.0
527,ISIC_0006021,0.0
1581,ISIC_0013725,0.0
486,ISIC_0002459,0.0
1980,ISIC_0015110,1.0
1347,ISIC_0013040,0.0
1749,ISIC_0014291,1.0
1237,ISIC_0012710,0.0
1911,ISIC_0014791,0.0
859,ISIC_0010477,0.0
346,ISIC_0000421,0.0
1568,ISIC_0013687,0.0
747,ISIC_0010174,1.0
454,ISIC_0000555,1.0
1372,ISIC_0013097,0.0
843,ISIC_0010455,0.0
261,ISIC_0000313,1.0
915,ISIC_0010852,1.0
206,ISIC_0000235,0.0
89,ISIC_0000098,0.0
1432,ISIC_0013248,0.0
740,ISIC_0010102,0.0
1597,ISIC_0013783,1.0
622,ISIC_0009915,0.0
1346,ISIC_0013039,0.0
1811,ISIC_0014545,1.0
1957,ISIC_0014919,1.0
1752,ISIC_0014311,0.0
1141,ISIC_0012374,0.0
676,ISIC_0009991,0.0
333,ISIC_0000397,0.0
753,ISIC_0010184,0.0
628,ISIC_0009923,0.0
135,ISIC_0000149,1.0
125,ISIC_0000138,0.0
1986,ISIC_0015168,0.0
1169,ISIC_0012473,0.0
763,ISIC_0010205,0.0
1903,ISIC_0014771,0.0
1064,ISIC_0012137,1.0
2,ISIC_0000002,1.0
1990,ISIC_0015189,1.0
311,ISIC_0000371,0.0
1308,ISIC_0012939,0.0
1580,ISIC_0013721,0.0
1306,ISIC_0012930,1.0
1823,ISIC_0014580,0.0
610,ISIC_0009897,1.0
105,ISIC_0000118,0.0
616,ISIC_0009906,0.0
1504,ISIC_0013488,0.0
594,ISIC_0009873,0.0
540,ISIC_0007087,0.0
671,ISIC_0009977,0.0
1887,ISIC_0014723,0.0
1523,ISIC_0013554,0.0
790,ISIC_0010255,0.0
285,ISIC_0000343,0.0
485,ISIC_0002453,0.0
1531,ISIC_0013579,1.0
780,ISIC_0010237,0.0
288,ISIC_0000346,0.0
1060,ISIC_0012116,0.0
612,ISIC_0009899,0.0
1855,ISIC_0014639,0.0
529,ISIC_0006193,0.0
455,ISIC_0000556,0.0
950,ISIC_0011126,1.0
1550,ISIC_0013634,1.0
1032,ISIC_0011349,1.0
1634,ISIC_0013874,1.0
1627,ISIC_0013843,0.0
1258,ISIC_0012777,0.0
1400,ISIC_0013181,0.0
1307,ISIC_0012932,0.0
1780,ISIC_0014432,0.0
1003,ISIC_0011292,0.0
1356,ISIC_0013059,0.0
1881,ISIC_0014711,0.0
1042,ISIC_0011372,0.0
654,ISIC_0009958,0.0
1176,ISIC_0012495,0.0
813,ISIC_0010342,0.0
1127,ISIC_0012324,0.0
208,ISIC_0000237,0.0
224,ISIC_0000258,0.0
1094,ISIC_0012232,0.0
178,ISIC_0000204,0.0
1089,ISIC_0012217,0.0
1395,ISIC_0013172,0.0
1963,ISIC_0014929,0.0
690,ISIC_0010017,0.0
52,ISIC_0000054,1.0
524,ISIC_0005639,0.0
609,ISIC_0009896,0.0
624,ISIC_0009918,1.0
1596,ISIC_0013782,0.0
1033,ISIC_0011352,0.0
1938,ISIC_0014846,0.0
1204,ISIC_0012662,0.0
1076,ISIC_0012177,0.0
61,ISIC_0000065,0.0
964,ISIC_0011157,0.0
1469,ISIC_0013371,0.0
699,ISIC_0010029,1.0
1020,ISIC_0011327,0.0
200,ISIC_0000227,0.0
775,ISIC_0010229,0.0
933,ISIC_0011095,1.0
1413,ISIC_0013205,0.0
1566,ISIC_0013684,0.0
1956,ISIC_0014915,0.0
979,ISIC_0011176,1.0
1756,ISIC_0014325,1.0
1437,ISIC_0013274,0.0
1931,ISIC_0014832,1.0
431,ISIC_0000530,0.0
871,ISIC_0010498,0.0
847,ISIC_0010461,0.0
967,ISIC_0011161,1.0
1517,ISIC_0013523,0.0
917,ISIC_0010854,0.0
363,ISIC_0000451,0.0
1970,ISIC_0015005,1.0
1807,ISIC_0014529,0.0
102,ISIC_0000112,0.0
541,ISIC_0007322,0.0
605,ISIC_0009888,0.0
1316,ISIC_0012961,0.0
1652,ISIC_0013958,0.0
86,ISIC_0000095,0.0
1211,ISIC_0012671,0.0
1774,ISIC_0014395,1.0
32,ISIC_0000034,0.0
1162,ISIC_0012452,0.0
1439,ISIC_0013287,0.0
383,ISIC_0000478,0.0
755,ISIC_0010186,0.0
1206,ISIC_0012664,0.0
131,ISIC_0000145,1.0
91,ISIC_0000100,0.0
1040,ISIC_0011366,1.0
266,ISIC_0000319,0.0
1653,ISIC_0013961,0.0
1006,ISIC_0011297,0.0
965,ISIC_0011158,1.0
1677,ISIC_0014031,0.0
234,ISIC_0000274,0.0
1886,ISIC_0014722,1.0
1933,ISIC_0014836,0.0
1913,ISIC_0014794,0.0
686,ISIC_0010013,0.0
1998,ISIC_0015284,1.0
1261,ISIC_0012788,0.0
66,ISIC_0000071,0.0
409,ISIC_0000506,0.0
550,ISIC_0008236,0.0
78,ISIC_0000086,0.0
606,ISIC_0009889,0.0
306,ISIC_0000366,0.0
982,ISIC_0011203,0.0
1946,ISIC_0014869,0.0
1673,ISIC_0014013,1.0
1251,ISIC_0012744,0.0
940,ISIC_0011110,0.0
916,ISIC_0010853,0.0
1619,ISIC_0013831,1.0
1872,ISIC_0014684,0.0
498,ISIC_0002871,0.0
1348,ISIC_0013044,0.0
1549,ISIC_0013626,1.0
1025,ISIC_0011338,0.0
384,ISIC_0000479,0.0
1202,ISIC_0012659,0.0
1884,ISIC_0014715,0.0
1440,ISIC_0013288,0.0
1142,ISIC_0012376,0.0
971,ISIC_0011165,0.0
1479,ISIC_0013403,0.0
602,ISIC_0009883,0.0
1537,ISIC_0013594,1.0
1847,ISIC_0014621,0.0
1615,ISIC_0013816,0.0
162,ISIC_0000184,0.0
733,ISIC_0010088,0.0
701,ISIC_0010034,1.0
500,ISIC_0002885,0.0
1217,ISIC_0012677,0.0
1794,ISIC_0014498,0.0
936,ISIC_0011099,1.0
1951,ISIC_0014903,0.0
1177,ISIC_0012496,0.0
1591,ISIC_0013765,0.0
838,ISIC_0010444,0.0
860,ISIC_0010479,0.0
1456,ISIC_0013335,0.0
1505,ISIC_0013489,0.0
1690,ISIC_0014076,1.0
1962,ISIC_0014926,0.0
1635,ISIC_0013876,0.0
1948,ISIC_0014891,1.0
1063,ISIC_0012135,0.0
48,ISIC_0000050,0.0
148,ISIC_0000163,1.0
1396,ISIC_0013173,0.0
537,ISIC_0006940,0.0
1496,ISIC_0013443,0.0
1286,ISIC_0012865,0.0
548,ISIC_0008145,0.0
728,ISIC_0010078,0.0
167,ISIC_0000190,0.0
987,ISIC_0011210,1.0
646,ISIC_0009947,0.0
1728,ISIC_0014189,1.0
83,ISIC_0000092,0.0
934,ISIC_0011097,0.0
27,ISIC_0000028,0.0
59,ISIC_0000063,0.0
522,ISIC_0005555,0.0
108,ISIC_0000121,0.0
1223,ISIC_0012683,0.0
1864,ISIC_0014658,0.0
233,ISIC_0000269,0.0
212,ISIC_0000243,0.0
1255,ISIC_0012770,0.0
823,ISIC_0010362,0.0
1574,ISIC_0013706,0.0
1028,ISIC_0011344,1.0
807,ISIC_0010334,0.0
1471,ISIC_0013383,0.0
359,ISIC_0000445,1.0
914,ISIC_0010851,0.0
565,ISIC_0008785,0.0
1819,ISIC_0014576,0.0
1820,ISIC_0014577,0.0
1837,ISIC_0014602,0.0
1189,ISIC_0012523,0.0
1893,ISIC_0014739,0.0
923,ISIC_0010862,1.0
1315,ISIC_0012957,0.0
1362,ISIC_0013080,0.0
298,ISIC_0000357,0.0
243,ISIC_0000288,1.0
1131,ISIC_0012333,0.0
424,ISIC_0000522,1.0
1111,ISIC_0012278,0.0
1443,ISIC_0013304,0.0
362,ISIC_0000449,0.0
185,ISIC_0000212,0.0
1829,ISIC_0014591,0.0
190,ISIC_0000217,0.0
1737,ISIC_0014238,1.0
1445,ISIC_0013310,0.0
1570,ISIC_0013689,0.0
613,ISIC_0009901,0.0
292,ISIC_0000350,0.0
692,ISIC_0010019,0.0
1778,ISIC_0014430,0.0
317,ISIC_0000379,0.0
1786,ISIC_0014458,0.0
1433,ISIC_0013249,0.0
814,ISIC_0010344,0.0
1137,ISIC_0012351,0.0
724,ISIC_0010070,0.0
673,ISIC_0009981,0.0
1612,ISIC_0013807,0.0
1293,ISIC_0012883,0.0
281,ISIC_0000338,0.0
696,ISIC_0010024,1.0
294,ISIC_0000352,0.0
1900,ISIC_0014763,0.0
301,ISIC_0000360,0.0
833,ISIC_0010382,0.0
1499,ISIC_0013461,0.0
738,ISIC_0010094,1.0
1761,ISIC_0014341,0.0
889,ISIC_0010582,0.0
1746,ISIC_0014286,0.0
956,ISIC_0011136,1.0
17,ISIC_0000018,0.0
542,ISIC_0007475,0.0
1013,ISIC_0011310,0.0
1730,ISIC_0014191,0.0
1564,ISIC_0013680,0.0
1355,ISIC_0013056,0.0
1889,ISIC_0014726,0.0
466,ISIC_0001128,1.0
1015,ISIC_0011317,0.0
322,ISIC_0000384,0.0
315,ISIC_0000377,0.0
1428,ISIC_0013236,0.0
357,ISIC_0000443,0.0
1335,ISIC_0013015,0.0
98,ISIC_0000108,0.0
1862,ISIC_0014654,0.0
561,ISIC_0008552,0.0
1833,ISIC_0014595,0.0
361,ISIC_0000448,0.0
1812,ISIC_0014547,0.0
520,ISIC_0005187,0.0
1684,ISIC_0014062,1.0
1027,ISIC_0011343,0.0
54,ISIC_0000056,1.0
1954,ISIC_0014911,0.0
1624,ISIC_0013839,1.0
777,ISIC_0010233,0.0
1655,ISIC_0013965,0.0
1830,ISIC_0014592,0.0
1173,ISIC_0012487,0.0
354,ISIC_0000436,0.0
554,ISIC_0008347,0.0
480,ISIC_0002287,0.0
1008,ISIC_0011300,0.0
1420,ISIC_0013220,0.0
440,ISIC_0000540,0.0
1216,ISIC_0012676,0.0
736,ISIC_0010092,0.0
710,ISIC_0010053,0.0
1592,ISIC_0013772,0.0
657,ISIC_0009962,0.0
700,ISIC_0010032,0.0
1061,ISIC_0012117,0.0
1125,ISIC_0012320,0.0
450,ISIC_0000550,1.0
1572,ISIC_0013691,0.0
1277,ISIC_0012833,0.0
816,ISIC_0010348,0.0
593,ISIC_0009872,0.0
81,ISIC_0000089,0.0
1478,ISIC_0013400,0.0
1219,ISIC_0012679,0.0
211,ISIC_0000242,0.0
1757,ISIC_0014327,1.0
656,ISIC_0009961,0.0
703,ISIC_0010040,0.0
516,ISIC_0004346,0.0
1423,ISIC_0013224,0.0
1373,ISIC_0013106,0.0
236,ISIC_0000276,1.0
338,ISIC_0000410,1.0
551,ISIC_0008256,0.0
1897,ISIC_0014754,0.0
205,ISIC_0000234,0.0
1329,ISIC_0012999,0.0
188,ISIC_0000215,0.0
67,ISIC_0000072,0.0
1680,ISIC_0014045,0.0
1448,ISIC_0013315,0.0
782,ISIC_0010241,1.0
1281,ISIC_0012845,0.0
1772,ISIC_0014393,0.0
1632,ISIC_0013864,0.0
1422,ISIC_0013223,0.0
735,ISIC_0010090,0.0
21,ISIC_0000022,1.0
1172,ISIC_0012481,0.0
399,ISIC_0000494,0.0
1584,ISIC_0013740,1.0
133,ISIC_0000147,1.0
1620,ISIC_0013832,1.0
1394,ISIC_0013167,0.0
932,ISIC_0011090,0.0
1208,ISIC_0012666,0.0
695,ISIC_0010022,0.0
989,ISIC_0011212,0.0
1453,ISIC_0013330,0.0
1681,ISIC_0014046,0.0
1843,ISIC_0014612,0.0
1349,ISIC_0013047,0.0
434,ISIC_0000533,1.0
1196,ISIC_0012549,0.0
50,ISIC_0000052,0.0
284,ISIC_0000342,0.0
245,ISIC_0000290,1.0
1724,ISIC_0014179,0.0
1080,ISIC_0012187,0.0
615,ISIC_0009905,1.0
1880,ISIC_0014708,0.0
308,ISIC_0000368,0.0
880,ISIC_0010567,0.0
1921,ISIC_0014808,0.0
447,ISIC_0000547,1.0
1455,ISIC_0013334,1.0
73,ISIC_0000079,0.0
1039,ISIC_0011363,0.0
229,ISIC_0000263,0.0
618,ISIC_0009910,1.0
231,ISIC_0000265,0.0
1859,ISIC_0014646,0.0
396,ISIC_0000491,0.0
112,ISIC_0000125,0.0
1384,ISIC_0013140,0.0
1607,ISIC_0013802,0.0
1182,ISIC_0012511,0.0
43,ISIC_0000045,0.0
74,ISIC_0000080,0.0
1712,ISIC_0014150,0.0
546,ISIC_0008029,0.0
1895,ISIC_0014745,0.0
661,ISIC_0009966,0.0
1810,ISIC_0014543,1.0
1055,ISIC_0012102,0.0
1824,ISIC_0014581,0.0
491,ISIC_0002616,0.0
1613,ISIC_0013808,0.0
1184,ISIC_0012516,0.0
1097,ISIC_0012237,0.0
393,ISIC_0000488,0.0
1644,ISIC_0013922,0.0
1357,ISIC_0013063,0.0
1898,ISIC_0014760,0.0
758,ISIC_0010192,0.0
1609,ISIC_0013804,0.0
1140,ISIC_0012363,0.0
1191,ISIC_0012527,0.0
1476,ISIC_0013397,0.0
1969,ISIC_0014987,1.0
1135,ISIC_0012342,0.0
1939,ISIC_0014848,0.0
449,ISIC_0000549,1.0
372,ISIC_0000465,0.0
652,ISIC_0009955,1.0
1482,ISIC_0013410,0.0
1054,ISIC_0012097,0.0
1733,ISIC_0014216,0.0
221,ISIC_0000254,0.0
1839,ISIC_0014605,0.0
1285,ISIC_0012856,0.0
1943,ISIC_0014855,0.0
1288,ISIC_0012873,0.0
156,ISIC_0000174,1.0
984,ISIC_0011205,0.0
632,ISIC_0009931,0.0
